[
{
"countryCode": "AD",
"countryName": "Andorra",
"currencyCode": "EUR",
"population": "84000",
"fipsCode": "AN",
"isoNumeric": "020",
"north": "42.65604389629997",
"south": "42.42849259876837",
"east": "1.7865427778319827",
"west": "1.4071867141112762",
"capital": "Andorra la Vella",
"continentName": "Europe",
"languages": "ca",
"geonameId": "3041565"
},
{
"countryCode": "AE",
"countryName": "United Arab Emirates",
"currencyCode": "AED",
"population": "4975593",
"fipsCode": "AE",
"isoNumeric": "784",
"north": "26.08415985107422",
"south": "22.633329391479492",
"east": "56.38166046142578",
"west": "51.58332824707031",
"capital": "Abu Dhabi",
"continentName": "Asia",
"languages": "ar-AE,fa,en,hi,ur",
"geonameId": "290557"
},
{
"countryCode": "AF",
"countryName": "Afghanistan",
"currencyCode": "AFN",
"population": "29121286",
"fipsCode": "AF",
"isoNumeric": "004",
"north": "38.483418",
"south": "29.377472",
"east": "74.879448",
"west": "60.478443",
"capital": "Kabul",
"continentName": "Asia",
"languages": "fa-AF,ps,uz-AF,tk",
"geonameId": "1149361"
},
{
"countryCode": "AG",
"countryName": "Antigua and Barbuda",
"currencyCode": "XCD",
"population": "86754",
"fipsCode": "AC",
"isoNumeric": "028",
"north": "17.729387",
"south": "16.996979",
"east": "-61.672421",
"west": "-61.906425",
"capital": "St. John's",
"continentName": "North America",
"languages": "en-AG",
"geonameId": "3576396"
},
{
"countryCode": "AI",
"countryName": "Anguilla",
"currencyCode": "XCD",
"population": "13254",
"fipsCode": "AV",
"isoNumeric": "660",
"north": "18.283424",
"south": "18.166815",
"east": "-62.971359",
"west": "-63.172901",
"capital": "The Valley",
"continentName": "North America",
"languages": "en-AI",
"geonameId": "3573511"
},
{
"countryCode": "AL",
"countryName": "Albania",
"currencyCode": "ALL",
"population": "2986952",
"fipsCode": "AL",
"isoNumeric": "008",
"north": "42.665611",
"south": "39.648361",
"east": "21.068472",
"west": "19.293972",
"capital": "Tirana",
"continentName": "Europe",
"languages": "sq,el",
"geonameId": "783754"
},
{
"countryCode": "AM",
"countryName": "Armenia",
"currencyCode": "AMD",
"population": "2968000",
"fipsCode": "AM",
"isoNumeric": "051",
"north": "41.301834",
"south": "38.830528",
"east": "46.772435045159995",
"west": "43.44978",
"capital": "Yerevan",
"continentName": "Asia",
"languages": "hy",
"geonameId": "174982"
},
{
"countryCode": "AO",
"countryName": "Angola",
"currencyCode": "AOA",
"population": "13068161",
"fipsCode": "AO",
"isoNumeric": "024",
"north": "-4.376826",
"south": "-18.042076",
"east": "24.082119",
"west": "11.679219",
"capital": "Luanda",
"continentName": "Africa",
"languages": "pt-AO",
"geonameId": "3351879"
},
{
"countryCode": "AQ",
"countryName": "Antarctica",
"currencyCode": "",
"population": "0",
"fipsCode": "AY",
"isoNumeric": "010",
"north": "-60.515533",
"south": "-89.9999",
"east": "179.9999",
"west": "-179.9999",
"capital": "",
"continentName": "Antarctica",
"languages": "",
"geonameId": "6697173"
},
{
"countryCode": "AR",
"countryName": "Argentina",
"currencyCode": "ARS",
"population": "41343201",
"fipsCode": "AR",
"isoNumeric": "032",
"north": "-21.781277",
"south": "-55.061314",
"east": "-53.591835",
"west": "-73.58297",
"capital": "Buenos Aires",
"continentName": "South America",
"languages": "es-AR,en,it,de,fr,gn",
"geonameId": "3865483"
},
{
"countryCode": "AS",
"countryName": "American Samoa",
"currencyCode": "USD",
"population": "57881",
"fipsCode": "AQ",
"isoNumeric": "016",
"north": "-11.0497",
"south": "-14.382478",
"east": "-169.416077",
"west": "-171.091888",
"capital": "Pago Pago",
"continentName": "Oceania",
"languages": "en-AS,sm,to",
"geonameId": "5880801"
},
{
"countryCode": "AT",
"countryName": "Austria",
"currencyCode": "EUR",
"population": "8205000",
"fipsCode": "AU",
"isoNumeric": "040",
"north": "49.0211627691393",
"south": "46.3726520216244",
"east": "17.1620685652599",
"west": "9.53095237240833",
"capital": "Vienna",
"continentName": "Europe",
"languages": "de-AT,hr,hu,sl",
"geonameId": "2782113"
},
{
"countryCode": "AU",
"countryName": "Australia",
"currencyCode": "AUD",
"population": "21515754",
"fipsCode": "AS",
"isoNumeric": "036",
"north": "-10.062805",
"south": "-43.64397",
"east": "153.639252",
"west": "112.911057",
"capital": "Canberra",
"continentName": "Oceania",
"languages": "en-AU",
"geonameId": "2077456"
},
{
"countryCode": "AW",
"countryName": "Aruba",
"currencyCode": "AWG",
"population": "71566",
"fipsCode": "AA",
"isoNumeric": "533",
"north": "12.623718127152925",
"south": "12.411707706190716",
"east": "-69.86575120104982",
"west": "-70.0644737196045",
"capital": "Oranjestad",
"continentName": "North America",
"languages": "nl-AW,es,en",
"geonameId": "3577279"
},
{
"countryCode": "AX",
"countryName": "Åland",
"currencyCode": "EUR",
"population": "26711",
"fipsCode": "",
"isoNumeric": "248",
"north": "60.488861",
"south": "59.90675",
"east": "21.011862",
"west": "19.317694",
"capital": "Mariehamn",
"continentName": "Europe",
"languages": "sv-AX",
"geonameId": "661882"
},
{
"countryCode": "AZ",
"countryName": "Azerbaijan",
"currencyCode": "AZN",
"population": "8303512",
"fipsCode": "AJ",
"isoNumeric": "031",
"north": "41.90564",
"south": "38.38915252685547",
"east": "50.370083",
"west": "44.774113",
"capital": "Baku",
"continentName": "Asia",
"languages": "az,ru,hy",
"geonameId": "587116"
},
{
"countryCode": "BA",
"countryName": "Bosnia and Herzegovina",
"currencyCode": "BAM",
"population": "4590000",
"fipsCode": "BK",
"isoNumeric": "070",
"north": "45.239193",
"south": "42.546112",
"east": "19.622223",
"west": "15.718945",
"capital": "Sarajevo",
"continentName": "Europe",
"languages": "bs,hr-BA,sr-BA",
"geonameId": "3277605"
},
{
"countryCode": "BB",
"countryName": "Barbados",
"currencyCode": "BBD",
"population": "285653",
"fipsCode": "BB",
"isoNumeric": "052",
"north": "13.327257",
"south": "13.039844",
"east": "-59.420376",
"west": "-59.648922",
"capital": "Bridgetown",
"continentName": "North America",
"languages": "en-BB",
"geonameId": "3374084"
},
{
"countryCode": "BD",
"countryName": "Bangladesh",
"currencyCode": "BDT",
"population": "156118464",
"fipsCode": "BG",
"isoNumeric": "050",
"north": "26.631945",
"south": "20.743334",
"east": "92.673668",
"west": "88.028336",
"capital": "Dhaka",
"continentName": "Asia",
"languages": "bn-BD,en",
"geonameId": "1210997"
},
{
"countryCode": "BE",
"countryName": "Belgium",
"currencyCode": "EUR",
"population": "10403000",
"fipsCode": "BE",
"isoNumeric": "056",
"north": "51.505444",
"south": "49.49361",
"east": "6.403861",
"west": "2.546944",
"capital": "Brussels",
"continentName": "Europe",
"languages": "nl-BE,fr-BE,de-BE",
"geonameId": "2802361"
},
{
"countryCode": "BF",
"countryName": "Burkina Faso",
"currencyCode": "XOF",
"population": "16241811",
"fipsCode": "UV",
"isoNumeric": "854",
"north": "15.082593",
"south": "9.401108",
"east": "2.405395",
"west": "-5.518916",
"capital": "Ouagadougou",
"continentName": "Africa",
"languages": "fr-BF",
"geonameId": "2361809"
},
{
"countryCode": "BG",
"countryName": "Bulgaria",
"currencyCode": "BGN",
"population": "7148785",
"fipsCode": "BU",
"isoNumeric": "100",
"north": "44.21764",
"south": "41.242084",
"east": "28.612167",
"west": "22.371166",
"capital": "Sofia",
"continentName": "Europe",
"languages": "bg,tr-BG,rom",
"geonameId": "732800"
},
{
"countryCode": "BH",
"countryName": "Bahrain",
"currencyCode": "BHD",
"population": "738004",
"fipsCode": "BA",
"isoNumeric": "048",
"north": "26.282583",
"south": "25.796862",
"east": "50.664471",
"west": "50.45414",
"capital": "Manama",
"continentName": "Asia",
"languages": "ar-BH,en,fa,ur",
"geonameId": "290291"
},
{
"countryCode": "BI",
"countryName": "Burundi",
"currencyCode": "BIF",
"population": "9863117",
"fipsCode": "BY",
"isoNumeric": "108",
"north": "-2.310123",
"south": "-4.465713",
"east": "30.847729",
"west": "28.993061",
"capital": "Bujumbura",
"continentName": "Africa",
"languages": "fr-BI,rn",
"geonameId": "433561"
},
{
"countryCode": "BJ",
"countryName": "Benin",
"currencyCode": "XOF",
"population": "9056010",
"fipsCode": "BN",
"isoNumeric": "204",
"north": "12.418347",
"south": "6.225748",
"east": "3.851701",
"west": "0.774575",
"capital": "Porto-Novo",
"continentName": "Africa",
"languages": "fr-BJ",
"geonameId": "2395170"
},
{
"countryCode": "BL",
"countryName": "Saint Barthélemy",
"currencyCode": "EUR",
"population": "8450",
"fipsCode": "TB",
"isoNumeric": "652",
"north": "17.928808791949283",
"south": "17.878183227405575",
"east": "-62.788983372985854",
"west": "-62.8739118253784",
"capital": "Gustavia",
"continentName": "North America",
"languages": "fr",
"geonameId": "3578476"
},
{
"countryCode": "BM",
"countryName": "Bermuda",
"currencyCode": "BMD",
"population": "65365",
"fipsCode": "BD",
"isoNumeric": "060",
"north": "32.393833",
"south": "32.246639",
"east": "-64.651993",
"west": "-64.89605",
"capital": "Hamilton",
"continentName": "North America",
"languages": "en-BM,pt",
"geonameId": "3573345"
},
{
"countryCode": "BN",
"countryName": "Brunei",
"currencyCode": "BND",
"population": "395027",
"fipsCode": "BX",
"isoNumeric": "096",
"north": "5.047167",
"south": "4.003083",
"east": "115.359444",
"west": "114.071442",
"capital": "Bandar Seri Begawan",
"continentName": "Asia",
"languages": "ms-BN,en-BN",
"geonameId": "1820814"
},
{
"countryCode": "BO",
"countryName": "Bolivia",
"currencyCode": "BOB",
"population": "9947418",
"fipsCode": "BL",
"isoNumeric": "068",
"north": "-9.680567",
"south": "-22.896133",
"east": "-57.45809600000001",
"west": "-69.640762",
"capital": "Sucre",
"continentName": "South America",
"languages": "es-BO,qu,ay",
"geonameId": "3923057"
},
{
"countryCode": "BQ",
"countryName": "Bonaire",
"currencyCode": "USD",
"population": "18012",
"fipsCode": "",
"isoNumeric": "535",
"north": "12.304535",
"south": "12.017149",
"east": "-68.192307",
"west": "-68.416458",
"capital": "",
"continentName": "North America",
"languages": "nl,pap,en",
"geonameId": "7626844"
},
{
"countryCode": "BR",
"countryName": "Brazil",
"currencyCode": "BRL",
"population": "201103330",
"fipsCode": "BR",
"isoNumeric": "076",
"north": "5.264877",
"south": "-33.750706",
"east": "-32.392998",
"west": "-73.985535",
"capital": "Brasília",
"continentName": "South America",
"languages": "pt-BR,es,en,fr",
"geonameId": "3469034"
},
{
"countryCode": "BS",
"countryName": "Bahamas",
"currencyCode": "BSD",
"population": "301790",
"fipsCode": "BF",
"isoNumeric": "044",
"north": "26.919243",
"south": "22.852743",
"east": "-74.423874",
"west": "-78.995911",
"capital": "Nassau",
"continentName": "North America",
"languages": "en-BS",
"geonameId": "3572887"
},
{
"countryCode": "BT",
"countryName": "Bhutan",
"currencyCode": "BTN",
"population": "699847",
"fipsCode": "BT",
"isoNumeric": "064",
"north": "28.323778",
"south": "26.70764",
"east": "92.125191",
"west": "88.75972",
"capital": "Thimphu",
"continentName": "Asia",
"languages": "dz",
"geonameId": "1252634"
},
{
"countryCode": "BV",
"countryName": "Bouvet Island",
"currencyCode": "NOK",
"population": "0",
"fipsCode": "BV",
"isoNumeric": "074",
"north": "-54.400322",
"south": "-54.462383",
"east": "3.487976",
"west": "3.335499",
"capital": "",
"continentName": "Antarctica",
"languages": "",
"geonameId": "3371123"
},
{
"countryCode": "BW",
"countryName": "Botswana",
"currencyCode": "BWP",
"population": "2029307",
"fipsCode": "BC",
"isoNumeric": "072",
"north": "-17.780813",
"south": "-26.907246",
"east": "29.360781",
"west": "19.999535",
"capital": "Gaborone",
"continentName": "Africa",
"languages": "en-BW,tn-BW",
"geonameId": "933860"
},
{
"countryCode": "BY",
"countryName": "Belarus",
"currencyCode": "BYR",
"population": "9685000",
"fipsCode": "BO",
"isoNumeric": "112",
"north": "56.165806",
"south": "51.256416",
"east": "32.770805",
"west": "23.176889",
"capital": "Minsk",
"continentName": "Europe",
"languages": "be,ru",
"geonameId": "630336"
},
{
"countryCode": "BZ",
"countryName": "Belize",
"currencyCode": "BZD",
"population": "314522",
"fipsCode": "BH",
"isoNumeric": "084",
"north": "18.496557",
"south": "15.8893",
"east": "-87.776985",
"west": "-89.224815",
"capital": "Belmopan",
"continentName": "North America",
"languages": "en-BZ,es",
"geonameId": "3582678"
},
{
"countryCode": "CA",
"countryName": "Canada",
"currencyCode": "CAD",
"population": "33679000",
"fipsCode": "CA",
"isoNumeric": "124",
"north": "83.110626",
"south": "41.67598",
"east": "-52.636291",
"west": "-141",
"capital": "Ottawa",
"continentName": "North America",
"languages": "en-CA,fr-CA,iu",
"geonameId": "6251999"
},
{
"countryCode": "CC",
"countryName": "Cocos [Keeling] Islands",
"currencyCode": "AUD",
"population": "628",
"fipsCode": "CK",
"isoNumeric": "166",
"north": "-12.072459094",
"south": "-12.208725839",
"east": "96.929489344",
"west": "96.816941408",
"capital": "West Island",
"continentName": "Asia",
"languages": "ms-CC,en",
"geonameId": "1547376"
},
{
"countryCode": "CD",
"countryName": "Democratic Republic of the Congo",
"currencyCode": "CDF",
"population": "70916439",
"fipsCode": "CG",
"isoNumeric": "180",
"north": "5.386098",
"south": "-13.455675",
"east": "31.305912",
"west": "12.204144",
"capital": "Kinshasa",
"continentName": "Africa",
"languages": "fr-CD,ln,kg",
"geonameId": "203312"
},
{
"countryCode": "CF",
"countryName": "Central African Republic",
"currencyCode": "XAF",
"population": "4844927",
"fipsCode": "CT",
"isoNumeric": "140",
"north": "11.007569",
"south": "2.220514",
"east": "27.463421",
"west": "14.420097",
"capital": "Bangui",
"continentName": "Africa",
"languages": "fr-CF,sg,ln,kg",
"geonameId": "239880"
},
{
"countryCode": "CG",
"countryName": "Republic of the Congo",
"currencyCode": "XAF",
"population": "3039126",
"fipsCode": "CF",
"isoNumeric": "178",
"north": "3.703082",
"south": "-5.027223",
"east": "18.649839",
"west": "11.205009",
"capital": "Brazzaville",
"continentName": "Africa",
"languages": "fr-CG,kg,ln-CG",
"geonameId": "2260494"
},
{
"countryCode": "CH",
"countryName": "Switzerland",
"currencyCode": "CHF",
"population": "7581000",
"fipsCode": "SZ",
"isoNumeric": "756",
"north": "47.805332",
"south": "45.825695",
"east": "10.491472",
"west": "5.957472",
"capital": "Berne",
"continentName": "Europe",
"languages": "de-CH,fr-CH,it-CH,rm",
"geonameId": "2658434"
},
{
"countryCode": "CI",
"countryName": "Ivory Coast",
"currencyCode": "XOF",
"population": "21058798",
"fipsCode": "IV",
"isoNumeric": "384",
"north": "10.736642",
"south": "4.357067",
"east": "-2.494897",
"west": "-8.599302",
"capital": "Yamoussoukro",
"continentName": "Africa",
"languages": "fr-CI",
"geonameId": "2287781"
},
{
"countryCode": "CK",
"countryName": "Cook Islands",
"currencyCode": "NZD",
"population": "21388",
"fipsCode": "CW",
"isoNumeric": "184",
"north": "-10.023114",
"south": "-21.944164",
"east": "-157.312134",
"west": "-161.093658",
"capital": "Avarua",
"continentName": "Oceania",
"languages": "en-CK,mi",
"geonameId": "1899402"
},
{
"countryCode": "CL",
"countryName": "Chile",
"currencyCode": "CLP",
"population": "16746491",
"fipsCode": "CI",
"isoNumeric": "152",
"north": "-17.507553",
"south": "-55.9256225109217",
"east": "-66.417557",
"west": "-80.785851",
"capital": "Santiago",
"continentName": "South America",
"languages": "es-CL",
"geonameId": "3895114"
},
{
"countryCode": "CM",
"countryName": "Cameroon",
"currencyCode": "XAF",
"population": "19294149",
"fipsCode": "CM",
"isoNumeric": "120",
"north": "13.078056",
"south": "1.652548",
"east": "16.192116",
"west": "8.494763",
"capital": "Yaoundé",
"continentName": "Africa",
"languages": "en-CM,fr-CM",
"geonameId": "2233387"
},
{
"countryCode": "CN",
"countryName": "China",
"currencyCode": "CNY",
"population": "1330044000",
"fipsCode": "CH",
"isoNumeric": "156",
"north": "53.56086",
"south": "15.775416",
"east": "134.773911",
"west": "73.557693",
"capital": "Beijing",
"continentName": "Asia",
"languages": "zh-CN,yue,wuu,dta,ug,za",
"geonameId": "1814991"
},
{
"countryCode": "CO",
"countryName": "Colombia",
"currencyCode": "COP",
"population": "47790000",
"fipsCode": "CO",
"isoNumeric": "170",
"north": "13.380502",
"south": "-4.225869",
"east": "-66.869835",
"west": "-81.728111",
"capital": "Bogotá",
"continentName": "South America",
"languages": "es-CO",
"geonameId": "3686110"
},
{
"countryCode": "CR",
"countryName": "Costa Rica",
"currencyCode": "CRC",
"population": "4516220",
"fipsCode": "CS",
"isoNumeric": "188",
"north": "11.216819",
"south": "8.032975",
"east": "-82.555992",
"west": "-85.950623",
"capital": "San José",
"continentName": "North America",
"languages": "es-CR,en",
"geonameId": "3624060"
},
{
"countryCode": "CU",
"countryName": "Cuba",
"currencyCode": "CUP",
"population": "11423000",
"fipsCode": "CU",
"isoNumeric": "192",
"north": "23.226042",
"south": "19.828083",
"east": "-74.131775",
"west": "-84.957428",
"capital": "Havana",
"continentName": "North America",
"languages": "es-CU",
"geonameId": "3562981"
},
{
"countryCode": "CV",
"countryName": "Cape Verde",
"currencyCode": "CVE",
"population": "508659",
"fipsCode": "CV",
"isoNumeric": "132",
"north": "17.197178",
"south": "14.808022",
"east": "-22.669443",
"west": "-25.358747",
"capital": "Praia",
"continentName": "Africa",
"languages": "pt-CV",
"geonameId": "3374766"
},
{
"countryCode": "CW",
"countryName": "Curacao",
"currencyCode": "ANG",
"population": "141766",
"fipsCode": "UC",
"isoNumeric": "531",
"north": "12.385672",
"south": "12.032745",
"east": "-68.733948",
"west": "-69.157204",
"capital": "Willemstad",
"continentName": "North America",
"languages": "nl,pap",
"geonameId": "7626836"
},
{
"countryCode": "CX",
"countryName": "Christmas Island",
"currencyCode": "AUD",
"population": "1500",
"fipsCode": "KT",
"isoNumeric": "162",
"north": "-10.412356007",
"south": "-10.5704829995",
"east": "105.712596992",
"west": "105.533276992",
"capital": "The Settlement",
"continentName": "Asia",
"languages": "en,zh,ms-CC",
"geonameId": "2078138"
},
{
"countryCode": "CY",
"countryName": "Cyprus",
"currencyCode": "EUR",
"population": "1102677",
"fipsCode": "CY",
"isoNumeric": "196",
"north": "35.701527",
"south": "34.6332846722908",
"east": "34.59791599999994",
"west": "32.27308300000004",
"capital": "Nicosia",
"continentName": "Europe",
"languages": "el-CY,tr-CY,en",
"geonameId": "146669"
},
{
"countryCode": "CZ",
"countryName": "Czech Republic",
"currencyCode": "CZK",
"population": "10476000",
"fipsCode": "EZ",
"isoNumeric": "203",
"north": "51.058887",
"south": "48.542915",
"east": "18.860111",
"west": "12.096194",
"capital": "Prague",
"continentName": "Europe",
"languages": "cs,sk",
"geonameId": "3077311"
},
{
"countryCode": "DE",
"countryName": "Germany",
"currencyCode": "EUR",
"population": "81802257",
"fipsCode": "GM",
"isoNumeric": "276",
"north": "55.055637",
"south": "47.275776",
"east": "15.039889",
"west": "5.865639",
"capital": "Berlin",
"continentName": "Europe",
"languages": "de",
"geonameId": "2921044"
},
{
"countryCode": "DJ",
"countryName": "Djibouti",
"currencyCode": "DJF",
"population": "740528",
"fipsCode": "DJ",
"isoNumeric": "262",
"north": "12.706833",
"south": "10.909917",
"east": "43.416973",
"west": "41.773472",
"capital": "Djibouti",
"continentName": "Africa",
"languages": "fr-DJ,ar,so-DJ,aa",
"geonameId": "223816"
},
{
"countryCode": "DK",
"countryName": "Denmark",
"currencyCode": "DKK",
"population": "5484000",
"fipsCode": "DA",
"isoNumeric": "208",
"north": "57.748417",
"south": "54.562389",
"east": "15.158834",
"west": "8.075611",
"capital": "Copenhagen",
"continentName": "Europe",
"languages": "da-DK,en,fo,de-DK",
"geonameId": "2623032"
},
{
"countryCode": "DM",
"countryName": "Dominica",
"currencyCode": "XCD",
"population": "72813",
"fipsCode": "DO",
"isoNumeric": "212",
"north": "15.631809",
"south": "15.20169",
"east": "-61.244152",
"west": "-61.484108",
"capital": "Roseau",
"continentName": "North America",
"languages": "en-DM",
"geonameId": "3575830"
},
{
"countryCode": "DO",
"countryName": "Dominican Republic",
"currencyCode": "DOP",
"population": "9823821",
"fipsCode": "DR",
"isoNumeric": "214",
"north": "19.929859",
"south": "17.543159",
"east": "-68.32",
"west": "-72.003487",
"capital": "Santo Domingo",
"continentName": "North America",
"languages": "es-DO",
"geonameId": "3508796"
},
{
"countryCode": "DZ",
"countryName": "Algeria",
"currencyCode": "DZD",
"population": "34586184",
"fipsCode": "AG",
"isoNumeric": "012",
"north": "37.093723",
"south": "18.960028",
"east": "11.979548",
"west": "-8.673868",
"capital": "Algiers",
"continentName": "Africa",
"languages": "ar-DZ",
"geonameId": "2589581"
},
{
"countryCode": "EC",
"countryName": "Ecuador",
"currencyCode": "USD",
"population": "14790608",
"fipsCode": "EC",
"isoNumeric": "218",
"north": "1.43902",
"south": "-4.998823",
"east": "-75.184586",
"west": "-81.078598",
"capital": "Quito",
"continentName": "South America",
"languages": "es-EC",
"geonameId": "3658394"
},
{
"countryCode": "EE",
"countryName": "Estonia",
"currencyCode": "EUR",
"population": "1291170",
"fipsCode": "EN",
"isoNumeric": "233",
"north": "59.676224",
"south": "57.516193",
"east": "28.209972",
"west": "21.837584",
"capital": "Tallinn",
"continentName": "Europe",
"languages": "et,ru",
"geonameId": "453733"
},
{
"countryCode": "EG",
"countryName": "Egypt",
"currencyCode": "EGP",
"population": "80471869",
"fipsCode": "EG",
"isoNumeric": "818",
"north": "31.667334",
"south": "21.725389",
"east": "36.89833068847656",
"west": "24.698111",
"capital": "Cairo",
"continentName": "Africa",
"languages": "ar-EG,en,fr",
"geonameId": "357994"
},
{
"countryCode": "EH",
"countryName": "Western Sahara",
"currencyCode": "MAD",
"population": "273008",
"fipsCode": "WI",
"isoNumeric": "732",
"north": "27.669674",
"south": "20.774158",
"east": "-8.670276",
"west": "-17.103182",
"capital": "El Aaiún",
"continentName": "Africa",
"languages": "ar,mey",
"geonameId": "2461445"
},
{
"countryCode": "ER",
"countryName": "Eritrea",
"currencyCode": "ERN",
"population": "5792984",
"fipsCode": "ER",
"isoNumeric": "232",
"north": "18.003084",
"south": "12.359555",
"east": "43.13464",
"west": "36.438778",
"capital": "Asmara",
"continentName": "Africa",
"languages": "aa-ER,ar,tig,kun,ti-ER",
"geonameId": "338010"
},
{
"countryCode": "ES",
"countryName": "Spain",
"currencyCode": "EUR",
"population": "46505963",
"fipsCode": "SP",
"isoNumeric": "724",
"north": "43.7913565913767",
"south": "36.0001044260548",
"east": "4.32778473043961",
"west": "-9.30151567231899",
"capital": "Madrid",
"continentName": "Europe",
"languages": "es-ES,ca,gl,eu,oc",
"geonameId": "2510769"
},
{
"countryCode": "ET",
"countryName": "Ethiopia",
"currencyCode": "ETB",
"population": "88013491",
"fipsCode": "ET",
"isoNumeric": "231",
"north": "14.89375",
"south": "3.402422",
"east": "47.986179",
"west": "32.999939",
"capital": "Addis Ababa",
"continentName": "Africa",
"languages": "am,en-ET,om-ET,ti-ET,so-ET,sid",
"geonameId": "337996"
},
{
"countryCode": "FI",
"countryName": "Finland",
"currencyCode": "EUR",
"population": "5244000",
"fipsCode": "FI",
"isoNumeric": "246",
"north": "70.096054",
"south": "59.808777",
"east": "31.580944",
"west": "20.556944",
"capital": "Helsinki",
"continentName": "Europe",
"languages": "fi-FI,sv-FI,smn",
"geonameId": "660013"
},
{
"countryCode": "FJ",
"countryName": "Fiji",
"currencyCode": "FJD",
"population": "875983",
"fipsCode": "FJ",
"isoNumeric": "242",
"north": "-12.480111",
"south": "-20.67597",
"east": "-178.424438",
"west": "177.129334",
"capital": "Suva",
"continentName": "Oceania",
"languages": "en-FJ,fj",
"geonameId": "2205218"
},
{
"countryCode": "FK",
"countryName": "Falkland Islands",
"currencyCode": "FKP",
"population": "2638",
"fipsCode": "FK",
"isoNumeric": "238",
"north": "-51.24065",
"south": "-52.360512",
"east": "-57.712486",
"west": "-61.345192",
"capital": "Stanley",
"continentName": "South America",
"languages": "en-FK",
"geonameId": "3474414"
},
{
"countryCode": "FM",
"countryName": "Micronesia",
"currencyCode": "USD",
"population": "107708",
"fipsCode": "FM",
"isoNumeric": "583",
"north": "10.08904",
"south": "1.02629",
"east": "163.03717",
"west": "137.33648",
"capital": "Palikir",
"continentName": "Oceania",
"languages": "en-FM,chk,pon,yap,kos,uli,woe,nkr,kpg",
"geonameId": "2081918"
},
{
"countryCode": "FO",
"countryName": "Faroe Islands",
"currencyCode": "DKK",
"population": "48228",
"fipsCode": "FO",
"isoNumeric": "234",
"north": "62.400749",
"south": "61.394943",
"east": "-6.399583",
"west": "-7.458",
"capital": "Tórshavn",
"continentName": "Europe",
"languages": "fo,da-FO",
"geonameId": "2622320"
},
{
"countryCode": "FR",
"countryName": "France",
"currencyCode": "EUR",
"population": "64768389",
"fipsCode": "FR",
"isoNumeric": "250",
"north": "51.092804",
"south": "41.371582",
"east": "9.561556",
"west": "-5.142222",
"capital": "Paris",
"continentName": "Europe",
"languages": "fr-FR,frp,br,co,ca,eu,oc",
"geonameId": "3017382"
},
{
"countryCode": "GA",
"countryName": "Gabon",
"currencyCode": "XAF",
"population": "1545255",
"fipsCode": "GB",
"isoNumeric": "266",
"north": "2.322612",
"south": "-3.978806",
"east": "14.502347",
"west": "8.695471",
"capital": "Libreville",
"continentName": "Africa",
"languages": "fr-GA",
"geonameId": "2400553"
},
{
"countryCode": "GB",
"countryName": "United Kingdom",
"currencyCode": "GBP",
"population": "62348447",
"fipsCode": "UK",
"isoNumeric": "826",
"north": "59.360249",
"south": "49.906193",
"east": "1.759",
"west": "-8.623555",
"capital": "London",
"continentName": "Europe",
"languages": "en-GB,cy-GB,gd",
"geonameId": "2635167"
},
{
"countryCode": "GD",
"countryName": "Grenada",
"currencyCode": "XCD",
"population": "107818",
"fipsCode": "GJ",
"isoNumeric": "308",
"north": "12.318283928171299",
"south": "11.986893",
"east": "-61.57676970108031",
"west": "-61.802344",
"capital": "St. George's",
"continentName": "North America",
"languages": "en-GD",
"geonameId": "3580239"
},
{
"countryCode": "GE",
"countryName": "Georgia",
"currencyCode": "GEL",
"population": "4630000",
"fipsCode": "GG",
"isoNumeric": "268",
"north": "43.586498",
"south": "41.053196",
"east": "46.725971",
"west": "40.010139",
"capital": "Tbilisi",
"continentName": "Asia",
"languages": "ka,ru,hy,az",
"geonameId": "614540"
},
{
"countryCode": "GF",
"countryName": "French Guiana",
"currencyCode": "EUR",
"population": "195506",
"fipsCode": "FG",
"isoNumeric": "254",
"north": "5.776496",
"south": "2.127094",
"east": "-51.613949",
"west": "-54.542511",
"capital": "Cayenne",
"continentName": "South America",
"languages": "fr-GF",
"geonameId": "3381670"
},
{
"countryCode": "GG",
"countryName": "Guernsey",
"currencyCode": "GBP",
"population": "65228",
"fipsCode": "GK",
"isoNumeric": "831",
"north": "49.731727816705416",
"south": "49.40764156876899",
"east": "-2.1577152112246267",
"west": "-2.673194593476069",
"capital": "St Peter Port",
"continentName": "Europe",
"languages": "en,fr",
"geonameId": "3042362"
},
{
"countryCode": "GH",
"countryName": "Ghana",
"currencyCode": "GHS",
"population": "24339838",
"fipsCode": "GH",
"isoNumeric": "288",
"north": "11.173301",
"south": "4.736723",
"east": "1.191781",
"west": "-3.25542",
"capital": "Accra",
"continentName": "Africa",
"languages": "en-GH,ak,ee,tw",
"geonameId": "2300660"
},
{
"countryCode": "GI",
"countryName": "Gibraltar",
"currencyCode": "GIP",
"population": "27884",
"fipsCode": "GI",
"isoNumeric": "292",
"north": "36.155439135670726",
"south": "36.10903070140248",
"east": "-5.338285164001491",
"west": "-5.36626149743654",
"capital": "Gibraltar",
"continentName": "Europe",
"languages": "en-GI,es,it,pt",
"geonameId": "2411586"
},
{
"countryCode": "GL",
"countryName": "Greenland",
"currencyCode": "DKK",
"population": "56375",
"fipsCode": "GL",
"isoNumeric": "304",
"north": "83.627357",
"south": "59.777401",
"east": "-11.312319",
"west": "-73.04203",
"capital": "Nuuk",
"continentName": "North America",
"languages": "kl,da-GL,en",
"geonameId": "3425505"
},
{
"countryCode": "GM",
"countryName": "Gambia",
"currencyCode": "GMD",
"population": "1593256",
"fipsCode": "GA",
"isoNumeric": "270",
"north": "13.826571",
"south": "13.064252",
"east": "-13.797793",
"west": "-16.825079",
"capital": "Banjul",
"continentName": "Africa",
"languages": "en-GM,mnk,wof,wo,ff",
"geonameId": "2413451"
},
{
"countryCode": "GN",
"countryName": "Guinea",
"currencyCode": "GNF",
"population": "10324025",
"fipsCode": "GV",
"isoNumeric": "324",
"north": "12.67622",
"south": "7.193553",
"east": "-7.641071",
"west": "-14.926619",
"capital": "Conakry",
"continentName": "Africa",
"languages": "fr-GN",
"geonameId": "2420477"
},
{
"countryCode": "GP",
"countryName": "Guadeloupe",
"currencyCode": "EUR",
"population": "443000",
"fipsCode": "GP",
"isoNumeric": "312",
"north": "16.516848",
"south": "15.867565",
"east": "-61",
"west": "-61.544765",
"capital": "Basse-Terre",
"continentName": "North America",
"languages": "fr-GP",
"geonameId": "3579143"
},
{
"countryCode": "GQ",
"countryName": "Equatorial Guinea",
"currencyCode": "XAF",
"population": "1014999",
"fipsCode": "EK",
"isoNumeric": "226",
"north": "2.346989",
"south": "0.92086",
"east": "11.335724",
"west": "9.346865",
"capital": "Malabo",
"continentName": "Africa",
"languages": "es-GQ,fr",
"geonameId": "2309096"
},
{
"countryCode": "GR",
"countryName": "Greece",
"currencyCode": "EUR",
"population": "11000000",
"fipsCode": "GR",
"isoNumeric": "300",
"north": "41.7484999849641",
"south": "34.8020663391466",
"east": "28.2470831714347",
"west": "19.3736035624134",
"capital": "Athens",
"continentName": "Europe",
"languages": "el-GR,en,fr",
"geonameId": "390903"
},
{
"countryCode": "GS",
"countryName": "South Georgia and the South Sandwich Islands",
"currencyCode": "GBP",
"population": "30",
"fipsCode": "SX",
"isoNumeric": "239",
"north": "-53.970467",
"south": "-59.479259",
"east": "-26.229326",
"west": "-38.021175",
"capital": "Grytviken",
"continentName": "Antarctica",
"languages": "en",
"geonameId": "3474415"
},
{
"countryCode": "GT",
"countryName": "Guatemala",
"currencyCode": "GTQ",
"population": "13550440",
"fipsCode": "GT",
"isoNumeric": "320",
"north": "17.81522",
"south": "13.737302",
"east": "-88.223198",
"west": "-92.23629",
"capital": "Guatemala City",
"continentName": "North America",
"languages": "es-GT",
"geonameId": "3595528"
},
{
"countryCode": "GU",
"countryName": "Guam",
"currencyCode": "USD",
"population": "159358",
"fipsCode": "GQ",
"isoNumeric": "316",
"north": "13.654402",
"south": "13.23376",
"east": "144.956894",
"west": "144.61806",
"capital": "Hagåtña",
"continentName": "Oceania",
"languages": "en-GU,ch-GU",
"geonameId": "4043988"
},
{
"countryCode": "GW",
"countryName": "Guinea-Bissau",
"currencyCode": "XOF",
"population": "1565126",
"fipsCode": "PU",
"isoNumeric": "624",
"north": "12.680789",
"south": "10.924265",
"east": "-13.636522",
"west": "-16.717535",
"capital": "Bissau",
"continentName": "Africa",
"languages": "pt-GW,pov",
"geonameId": "2372248"
},
{
"countryCode": "GY",
"countryName": "Guyana",
"currencyCode": "GYD",
"population": "748486",
"fipsCode": "GY",
"isoNumeric": "328",
"north": "8.557567",
"south": "1.17508",
"east": "-56.480251",
"west": "-61.384762",
"capital": "Georgetown",
"continentName": "South America",
"languages": "en-GY",
"geonameId": "3378535"
},
{
"countryCode": "HK",
"countryName": "Hong Kong",
"currencyCode": "HKD",
"population": "6898686",
"fipsCode": "HK",
"isoNumeric": "344",
"north": "22.559778",
"south": "22.15325",
"east": "114.434753",
"west": "113.837753",
"capital": "Hong Kong",
"continentName": "Asia",
"languages": "zh-HK,yue,zh,en",
"geonameId": "1819730"
},
{
"countryCode": "HM",
"countryName": "Heard Island and McDonald Islands",
"currencyCode": "AUD",
"population": "0",
"fipsCode": "HM",
"isoNumeric": "334",
"north": "-52.909416",
"south": "-53.192001",
"east": "73.859146",
"west": "72.596535",
"capital": "",
"continentName": "Antarctica",
"languages": "",
"geonameId": "1547314"
},
{
"countryCode": "HN",
"countryName": "Honduras",
"currencyCode": "HNL",
"population": "7989415",
"fipsCode": "HO",
"isoNumeric": "340",
"north": "16.510256",
"south": "12.982411",
"east": "-83.155403",
"west": "-89.350792",
"capital": "Tegucigalpa",
"continentName": "North America",
"languages": "es-HN",
"geonameId": "3608932"
},
{
"countryCode": "HR",
"countryName": "Croatia",
"currencyCode": "HRK",
"population": "4491000",
"fipsCode": "HR",
"isoNumeric": "191",
"north": "46.53875",
"south": "42.43589",
"east": "19.427389",
"west": "13.493222",
"capital": "Zagreb",
"continentName": "Europe",
"languages": "hr-HR,sr",
"geonameId": "3202326"
},
{
"countryCode": "HT",
"countryName": "Haiti",
"currencyCode": "HTG",
"population": "9648924",
"fipsCode": "HA",
"isoNumeric": "332",
"north": "20.08782",
"south": "18.021032",
"east": "-71.613358",
"west": "-74.478584",
"capital": "Port-au-Prince",
"continentName": "North America",
"languages": "ht,fr-HT",
"geonameId": "3723988"
},
{
"countryCode": "HU",
"countryName": "Hungary",
"currencyCode": "HUF",
"population": "9982000",
"fipsCode": "HU",
"isoNumeric": "348",
"north": "48.585667",
"south": "45.74361",
"east": "22.906",
"west": "16.111889",
"capital": "Budapest",
"continentName": "Europe",
"languages": "hu-HU",
"geonameId": "719819"
},
{
"countryCode": "ID",
"countryName": "Indonesia",
"currencyCode": "IDR",
"population": "242968342",
"fipsCode": "ID",
"isoNumeric": "360",
"north": "5.904417",
"south": "-10.941861",
"east": "141.021805",
"west": "95.009331",
"capital": "Jakarta",
"continentName": "Asia",
"languages": "id,en,nl,jv",
"geonameId": "1643084"
},
{
"countryCode": "IE",
"countryName": "Ireland",
"currencyCode": "EUR",
"population": "4622917",
"fipsCode": "EI",
"isoNumeric": "372",
"north": "55.387917",
"south": "51.451584",
"east": "-6.002389",
"west": "-10.478556",
"capital": "Dublin",
"continentName": "Europe",
"languages": "en-IE,ga-IE",
"geonameId": "2963597"
},
{
"countryCode": "IL",
"countryName": "Israel",
"currencyCode": "ILS",
"population": "7353985",
"fipsCode": "IS",
"isoNumeric": "376",
"north": "33.340137",
"south": "29.496639",
"east": "35.876804",
"west": "34.270278754419145",
"capital": "",
"continentName": "Asia",
"languages": "he,ar-IL,en-IL,",
"geonameId": "294640"
},
{
"countryCode": "IM",
"countryName": "Isle of Man",
"currencyCode": "GBP",
"population": "75049",
"fipsCode": "IM",
"isoNumeric": "833",
"north": "54.419724",
"south": "54.055916",
"east": "-4.3115",
"west": "-4.798722",
"capital": "Douglas",
"continentName": "Europe",
"languages": "en,gv",
"geonameId": "3042225"
},
{
"countryCode": "IN",
"countryName": "India",
"currencyCode": "INR",
"population": "1173108018",
"fipsCode": "IN",
"isoNumeric": "356",
"north": "35.504223",
"south": "6.747139",
"east": "97.403305",
"west": "68.186691",
"capital": "New Delhi",
"continentName": "Asia",
"languages": "en-IN,hi,bn,te,mr,ta,ur,gu,kn,ml,or,pa,as,bh,sat,ks,ne,sd,kok,doi,mni,sit,sa,fr,lus,inc",
"geonameId": "1269750"
},
{
"countryCode": "IO",
"countryName": "British Indian Ocean Territory",
"currencyCode": "USD",
"population": "4000",
"fipsCode": "IO",
"isoNumeric": "086",
"north": "-5.268333",
"south": "-7.438028",
"east": "72.493164",
"west": "71.259972",
"capital": "",
"continentName": "Asia",
"languages": "en-IO",
"geonameId": "1282588"
},
{
"countryCode": "IQ",
"countryName": "Iraq",
"currencyCode": "IQD",
"population": "29671605",
"fipsCode": "IZ",
"isoNumeric": "368",
"north": "37.378029",
"south": "29.069445",
"east": "48.575916",
"west": "38.795887",
"capital": "Baghdad",
"continentName": "Asia",
"languages": "ar-IQ,ku,hy",
"geonameId": "99237"
},
{
"countryCode": "IR",
"countryName": "Iran",
"currencyCode": "IRR",
"population": "76923300",
"fipsCode": "IR",
"isoNumeric": "364",
"north": "39.777222",
"south": "25.064083",
"east": "63.317471",
"west": "44.047279",
"capital": "Tehran",
"continentName": "Asia",
"languages": "fa-IR,ku",
"geonameId": "130758"
},
{
"countryCode": "IS",
"countryName": "Iceland",
"currencyCode": "ISK",
"population": "308910",
"fipsCode": "IC",
"isoNumeric": "352",
"north": "66.53463",
"south": "63.393253",
"east": "-13.495815",
"west": "-24.546524",
"capital": "Reykjavik",
"continentName": "Europe",
"languages": "is,en,de,da,sv,no",
"geonameId": "2629691"
},
{
"countryCode": "IT",
"countryName": "Italy",
"currencyCode": "EUR",
"population": "60340328",
"fipsCode": "IT",
"isoNumeric": "380",
"north": "47.095196",
"south": "36.652779",
"east": "18.513445",
"west": "6.614889",
"capital": "Rome",
"continentName": "Europe",
"languages": "it-IT,de-IT,fr-IT,sc,ca,co,sl",
"geonameId": "3175395"
},
{
"countryCode": "JE",
"countryName": "Jersey",
"currencyCode": "GBP",
"population": "90812",
"fipsCode": "JE",
"isoNumeric": "832",
"north": "49.265057",
"south": "49.169834",
"east": "-2.022083",
"west": "-2.260028",
"capital": "Saint Helier",
"continentName": "Europe",
"languages": "en,pt",
"geonameId": "3042142"
},
{
"countryCode": "JM",
"countryName": "Jamaica",
"currencyCode": "JMD",
"population": "2847232",
"fipsCode": "JM",
"isoNumeric": "388",
"north": "18.526976",
"south": "17.703554",
"east": "-76.180321",
"west": "-78.366638",
"capital": "Kingston",
"continentName": "North America",
"languages": "en-JM",
"geonameId": "3489940"
},
{
"countryCode": "JO",
"countryName": "Jordan",
"currencyCode": "JOD",
"population": "6407085",
"fipsCode": "JO",
"isoNumeric": "400",
"north": "33.367668",
"south": "29.185888",
"east": "39.301167",
"west": "34.959999",
"capital": "Amman",
"continentName": "Asia",
"languages": "ar-JO,en",
"geonameId": "248816"
},
{
"countryCode": "JP",
"countryName": "Japan",
"currencyCode": "JPY",
"population": "127288000",
"fipsCode": "JA",
"isoNumeric": "392",
"north": "45.52314",
"south": "24.249472",
"east": "145.820892",
"west": "122.93853",
"capital": "Tokyo",
"continentName": "Asia",
"languages": "ja",
"geonameId": "1861060"
},
{
"countryCode": "KE",
"countryName": "Kenya",
"currencyCode": "KES",
"population": "40046566",
"fipsCode": "KE",
"isoNumeric": "404",
"north": "5.019938",
"south": "-4.678047",
"east": "41.899078",
"west": "33.908859",
"capital": "Nairobi",
"continentName": "Africa",
"languages": "en-KE,sw-KE",
"geonameId": "192950"
},
{
"countryCode": "KG",
"countryName": "Kyrgyzstan",
"currencyCode": "KGS",
"population": "5776500",
"fipsCode": "KG",
"isoNumeric": "417",
"north": "43.238224",
"south": "39.172832",
"east": "80.283165",
"west": "69.276611",
"capital": "Bishkek",
"continentName": "Asia",
"languages": "ky,uz,ru",
"geonameId": "1527747"
},
{
"countryCode": "KH",
"countryName": "Cambodia",
"currencyCode": "KHR",
"population": "14453680",
"fipsCode": "CB",
"isoNumeric": "116",
"north": "14.686417",
"south": "10.409083",
"east": "107.627724",
"west": "102.339996",
"capital": "Phnom Penh",
"continentName": "Asia",
"languages": "km,fr,en",
"geonameId": "1831722"
},
{
"countryCode": "KI",
"countryName": "Kiribati",
"currencyCode": "AUD",
"population": "92533",
"fipsCode": "KR",
"isoNumeric": "296",
"north": "4.71957",
"south": "-11.446881150186856",
"east": "-150.215347",
"west": "169.556137",
"capital": "Tarawa",
"continentName": "Oceania",
"languages": "en-KI,gil",
"geonameId": "4030945"
},
{
"countryCode": "KM",
"countryName": "Comoros",
"currencyCode": "KMF",
"population": "773407",
"fipsCode": "CN",
"isoNumeric": "174",
"north": "-11.362381",
"south": "-12.387857",
"east": "44.538223",
"west": "43.21579",
"capital": "Moroni",
"continentName": "Africa",
"languages": "ar,fr-KM",
"geonameId": "921929"
},
{
"countryCode": "KN",
"countryName": "Saint Kitts and Nevis",
"currencyCode": "XCD",
"population": "51134",
"fipsCode": "SC",
"isoNumeric": "659",
"north": "17.420118",
"south": "17.095343",
"east": "-62.543266",
"west": "-62.86956",
"capital": "Basseterre",
"continentName": "North America",
"languages": "en-KN",
"geonameId": "3575174"
},
{
"countryCode": "KP",
"countryName": "North Korea",
"currencyCode": "KPW",
"population": "22912177",
"fipsCode": "KN",
"isoNumeric": "408",
"north": "43.006054",
"south": "37.673332",
"east": "130.674866",
"west": "124.315887",
"capital": "Pyongyang",
"continentName": "Asia",
"languages": "ko-KP",
"geonameId": "1873107"
},
{
"countryCode": "KR",
"countryName": "South Korea",
"currencyCode": "KRW",
"population": "48422644",
"fipsCode": "KS",
"isoNumeric": "410",
"north": "38.612446",
"south": "33.190945",
"east": "129.584671",
"west": "125.887108",
"capital": "Seoul",
"continentName": "Asia",
"languages": "ko-KR,en",
"geonameId": "1835841"
},
{
"countryCode": "KW",
"countryName": "Kuwait",
"currencyCode": "KWD",
"population": "2789132",
"fipsCode": "KU",
"isoNumeric": "414",
"north": "30.095945",
"south": "28.524611",
"east": "48.431473",
"west": "46.555557",
"capital": "Kuwait City",
"continentName": "Asia",
"languages": "ar-KW,en",
"geonameId": "285570"
},
{
"countryCode": "KY",
"countryName": "Cayman Islands",
"currencyCode": "KYD",
"population": "44270",
"fipsCode": "CJ",
"isoNumeric": "136",
"north": "19.7617",
"south": "19.263029",
"east": "-79.727272",
"west": "-81.432777",
"capital": "George Town",
"continentName": "North America",
"languages": "en-KY",
"geonameId": "3580718"
},
{
"countryCode": "KZ",
"countryName": "Kazakhstan",
"currencyCode": "KZT",
"population": "15340000",
"fipsCode": "KZ",
"isoNumeric": "398",
"north": "55.451195",
"south": "40.936333",
"east": "87.312668",
"west": "46.491859",
"capital": "Astana",
"continentName": "Asia",
"languages": "kk,ru",
"geonameId": "1522867"
},
{
"countryCode": "LA",
"countryName": "Laos",
"currencyCode": "LAK",
"population": "6368162",
"fipsCode": "LA",
"isoNumeric": "418",
"north": "22.500389",
"south": "13.910027",
"east": "107.697029",
"west": "100.093056",
"capital": "Vientiane",
"continentName": "Asia",
"languages": "lo,fr,en",
"geonameId": "1655842"
},
{
"countryCode": "LB",
"countryName": "Lebanon",
"currencyCode": "LBP",
"population": "4125247",
"fipsCode": "LE",
"isoNumeric": "422",
"north": "34.691418",
"south": "33.05386",
"east": "36.639194",
"west": "35.114277",
"capital": "Beirut",
"continentName": "Asia",
"languages": "ar-LB,fr-LB,en,hy",
"geonameId": "272103"
},
{
"countryCode": "LC",
"countryName": "Saint Lucia",
"currencyCode": "XCD",
"population": "160922",
"fipsCode": "ST",
"isoNumeric": "662",
"north": "14.103245",
"south": "13.704778",
"east": "-60.874203",
"west": "-61.07415",
"capital": "Castries",
"continentName": "North America",
"languages": "en-LC",
"geonameId": "3576468"
},
{
"countryCode": "LI",
"countryName": "Liechtenstein",
"currencyCode": "CHF",
"population": "35000",
"fipsCode": "LS",
"isoNumeric": "438",
"north": "47.2706251386959",
"south": "47.0484284123471",
"east": "9.63564281136796",
"west": "9.47167359782014",
"capital": "Vaduz",
"continentName": "Europe",
"languages": "de-LI",
"geonameId": "3042058"
},
{
"countryCode": "LK",
"countryName": "Sri Lanka",
"currencyCode": "LKR",
"population": "21513990",
"fipsCode": "CE",
"isoNumeric": "144",
"north": "9.831361",
"south": "5.916833",
"east": "81.881279",
"west": "79.652916",
"capital": "Colombo",
"continentName": "Asia",
"languages": "si,ta,en",
"geonameId": "1227603"
},
{
"countryCode": "LR",
"countryName": "Liberia",
"currencyCode": "LRD",
"population": "3685076",
"fipsCode": "LI",
"isoNumeric": "430",
"north": "8.551791",
"south": "4.353057",
"east": "-7.365113",
"west": "-11.492083",
"capital": "Monrovia",
"continentName": "Africa",
"languages": "en-LR",
"geonameId": "2275384"
},
{
"countryCode": "LS",
"countryName": "Lesotho",
"currencyCode": "LSL",
"population": "1919552",
"fipsCode": "LT",
"isoNumeric": "426",
"north": "-28.572058",
"south": "-30.668964",
"east": "29.465761",
"west": "27.029068",
"capital": "Maseru",
"continentName": "Africa",
"languages": "en-LS,st,zu,xh",
"geonameId": "932692"
},
{
"countryCode": "LT",
"countryName": "Lithuania",
"currencyCode": "EUR",
"population": "2944459",
"fipsCode": "LH",
"isoNumeric": "440",
"north": "56.446918",
"south": "53.901306",
"east": "26.871944",
"west": "20.941528",
"capital": "Vilnius",
"continentName": "Europe",
"languages": "lt,ru,pl",
"geonameId": "597427"
},
{
"countryCode": "LU",
"countryName": "Luxembourg",
"currencyCode": "EUR",
"population": "497538",
"fipsCode": "LU",
"isoNumeric": "442",
"north": "50.184944",
"south": "49.446583",
"east": "6.528472",
"west": "5.734556",
"capital": "Luxembourg",
"continentName": "Europe",
"languages": "lb,de-LU,fr-LU",
"geonameId": "2960313"
},
{
"countryCode": "LV",
"countryName": "Latvia",
"currencyCode": "EUR",
"population": "2217969",
"fipsCode": "LG",
"isoNumeric": "428",
"north": "58.082306",
"south": "55.668861",
"east": "28.241167",
"west": "20.974277",
"capital": "Riga",
"continentName": "Europe",
"languages": "lv,ru,lt",
"geonameId": "458258"
},
{
"countryCode": "LY",
"countryName": "Libya",
"currencyCode": "LYD",
"population": "6461454",
"fipsCode": "LY",
"isoNumeric": "434",
"north": "33.168999",
"south": "19.508045",
"east": "25.150612",
"west": "9.38702",
"capital": "Tripoli",
"continentName": "Africa",
"languages": "ar-LY,it,en",
"geonameId": "2215636"
},
{
"countryCode": "MA",
"countryName": "Morocco",
"currencyCode": "MAD",
"population": "31627428",
"fipsCode": "MO",
"isoNumeric": "504",
"north": "35.9224966985384",
"south": "27.662115",
"east": "-0.991750000000025",
"west": "-13.168586",
"capital": "Rabat",
"continentName": "Africa",
"languages": "ar-MA,fr",
"geonameId": "2542007"
},
{
"countryCode": "MC",
"countryName": "Monaco",
"currencyCode": "EUR",
"population": "32965",
"fipsCode": "MN",
"isoNumeric": "492",
"north": "43.75196717037228",
"south": "43.72472839869377",
"east": "7.439939260482788",
"west": "7.408962249755859",
"capital": "Monaco",
"continentName": "Europe",
"languages": "fr-MC,en,it",
"geonameId": "2993457"
},
{
"countryCode": "MD",
"countryName": "Moldova",
"currencyCode": "MDL",
"population": "4324000",
"fipsCode": "MD",
"isoNumeric": "498",
"north": "48.490166",
"south": "45.468887",
"east": "30.135445",
"west": "26.618944",
"capital": "Chişinău",
"continentName": "Europe",
"languages": "ro,ru,gag,tr",
"geonameId": "617790"
},
{
"countryCode": "ME",
"countryName": "Montenegro",
"currencyCode": "EUR",
"population": "666730",
"fipsCode": "MJ",
"isoNumeric": "499",
"north": "43.570137",
"south": "41.850166",
"east": "20.358833",
"west": "18.461306",
"capital": "Podgorica",
"continentName": "Europe",
"languages": "sr,hu,bs,sq,hr,rom",
"geonameId": "3194884"
},
{
"countryCode": "MF",
"countryName": "Saint Martin",
"currencyCode": "EUR",
"population": "35925",
"fipsCode": "RN",
"isoNumeric": "663",
"north": "18.130354",
"south": "18.052231",
"east": "-63.012993",
"west": "-63.152767",
"capital": "Marigot",
"continentName": "North America",
"languages": "fr",
"geonameId": "3578421"
},
{
"countryCode": "MG",
"countryName": "Madagascar",
"currencyCode": "MGA",
"population": "21281844",
"fipsCode": "MA",
"isoNumeric": "450",
"north": "-11.945433",
"south": "-25.608952",
"east": "50.48378",
"west": "43.224876",
"capital": "Antananarivo",
"continentName": "Africa",
"languages": "fr-MG,mg",
"geonameId": "1062947"
},
{
"countryCode": "MH",
"countryName": "Marshall Islands",
"currencyCode": "USD",
"population": "65859",
"fipsCode": "RM",
"isoNumeric": "584",
"north": "14.62",
"south": "5.587639",
"east": "171.931808",
"west": "165.524918",
"capital": "Majuro",
"continentName": "Oceania",
"languages": "mh,en-MH",
"geonameId": "2080185"
},
{
"countryCode": "MK",
"countryName": "Macedonia",
"currencyCode": "MKD",
"population": "2062294",
"fipsCode": "MK",
"isoNumeric": "807",
"north": "42.361805",
"south": "40.860195",
"east": "23.038139",
"west": "20.464695",
"capital": "Skopje",
"continentName": "Europe",
"languages": "mk,sq,tr,rmm,sr",
"geonameId": "718075"
},
{
"countryCode": "ML",
"countryName": "Mali",
"currencyCode": "XOF",
"population": "13796354",
"fipsCode": "ML",
"isoNumeric": "466",
"north": "25.000002",
"south": "10.159513",
"east": "4.244968",
"west": "-12.242614",
"capital": "Bamako",
"continentName": "Africa",
"languages": "fr-ML,bm",
"geonameId": "2453866"
},
{
"countryCode": "MM",
"countryName": "Myanmar [Burma]",
"currencyCode": "MMK",
"population": "53414374",
"fipsCode": "BM",
"isoNumeric": "104",
"north": "28.543249",
"south": "9.784583",
"east": "101.176781",
"west": "92.189278",
"capital": "Nay Pyi Taw",
"continentName": "Asia",
"languages": "my",
"geonameId": "1327865"
},
{
"countryCode": "MN",
"countryName": "Mongolia",
"currencyCode": "MNT",
"population": "3086918",
"fipsCode": "MG",
"isoNumeric": "496",
"north": "52.154251",
"south": "41.567638",
"east": "119.924309",
"west": "87.749664",
"capital": "Ulan Bator",
"continentName": "Asia",
"languages": "mn,ru",
"geonameId": "2029969"
},
{
"countryCode": "MO",
"countryName": "Macao",
"currencyCode": "MOP",
"population": "449198",
"fipsCode": "MC",
"isoNumeric": "446",
"north": "22.222334",
"south": "22.180389",
"east": "113.565834",
"west": "113.528946",
"capital": "Macao",
"continentName": "Asia",
"languages": "zh,zh-MO,pt",
"geonameId": "1821275"
},
{
"countryCode": "MP",
"countryName": "Northern Mariana Islands",
"currencyCode": "USD",
"population": "53883",
"fipsCode": "CQ",
"isoNumeric": "580",
"north": "20.55344",
"south": "14.11023",
"east": "146.06528",
"west": "144.88626",
"capital": "Saipan",
"continentName": "Oceania",
"languages": "fil,tl,zh,ch-MP,en-MP",
"geonameId": "4041468"
},
{
"countryCode": "MQ",
"countryName": "Martinique",
"currencyCode": "EUR",
"population": "432900",
"fipsCode": "MB",
"isoNumeric": "474",
"north": "14.878819",
"south": "14.392262",
"east": "-60.81551",
"west": "-61.230118",
"capital": "Fort-de-France",
"continentName": "North America",
"languages": "fr-MQ",
"geonameId": "3570311"
},
{
"countryCode": "MR",
"countryName": "Mauritania",
"currencyCode": "MRO",
"population": "3205060",
"fipsCode": "MR",
"isoNumeric": "478",
"north": "27.298073",
"south": "14.715547",
"east": "-4.827674",
"west": "-17.066521",
"capital": "Nouakchott",
"continentName": "Africa",
"languages": "ar-MR,fuc,snk,fr,mey,wo",
"geonameId": "2378080"
},
{
"countryCode": "MS",
"countryName": "Montserrat",
"currencyCode": "XCD",
"population": "9341",
"fipsCode": "MH",
"isoNumeric": "500",
"north": "16.824060205313184",
"south": "16.674768935441556",
"east": "-62.144100129608205",
"west": "-62.24138237036129",
"capital": "Plymouth",
"continentName": "North America",
"languages": "en-MS",
"geonameId": "3578097"
},
{
"countryCode": "MT",
"countryName": "Malta",
"currencyCode": "EUR",
"population": "403000",
"fipsCode": "MT",
"isoNumeric": "470",
"north": "36.0821530995456",
"south": "35.8061835000002",
"east": "14.5764915000002",
"west": "14.1834251000001",
"capital": "Valletta",
"continentName": "Europe",
"languages": "mt,en-MT",
"geonameId": "2562770"
},
{
"countryCode": "MU",
"countryName": "Mauritius",
"currencyCode": "MUR",
"population": "1294104",
"fipsCode": "MP",
"isoNumeric": "480",
"north": "-10.319255",
"south": "-20.525717",
"east": "63.500179",
"west": "56.512718",
"capital": "Port Louis",
"continentName": "Africa",
"languages": "en-MU,bho,fr",
"geonameId": "934292"
},
{
"countryCode": "MV",
"countryName": "Maldives",
"currencyCode": "MVR",
"population": "395650",
"fipsCode": "MV",
"isoNumeric": "462",
"north": "7.091587495414767",
"south": "-0.692694",
"east": "73.637276",
"west": "72.693222",
"capital": "Malé",
"continentName": "Asia",
"languages": "dv,en",
"geonameId": "1282028"
},
{
"countryCode": "MW",
"countryName": "Malawi",
"currencyCode": "MWK",
"population": "15447500",
"fipsCode": "MI",
"isoNumeric": "454",
"north": "-9.367541",
"south": "-17.125",
"east": "35.916821",
"west": "32.67395",
"capital": "Lilongwe",
"continentName": "Africa",
"languages": "ny,yao,tum,swk",
"geonameId": "927384"
},
{
"countryCode": "MX",
"countryName": "Mexico",
"currencyCode": "MXN",
"population": "112468855",
"fipsCode": "MX",
"isoNumeric": "484",
"north": "32.716759",
"south": "14.532866",
"east": "-86.703392",
"west": "-118.453949",
"capital": "Mexico City",
"continentName": "North America",
"languages": "es-MX",
"geonameId": "3996063"
},
{
"countryCode": "MY",
"countryName": "Malaysia",
"currencyCode": "MYR",
"population": "28274729",
"fipsCode": "MY",
"isoNumeric": "458",
"north": "7.363417",
"south": "0.855222",
"east": "119.267502",
"west": "99.643448",
"capital": "Kuala Lumpur",
"continentName": "Asia",
"languages": "ms-MY,en,zh,ta,te,ml,pa,th",
"geonameId": "1733045"
},
{
"countryCode": "MZ",
"countryName": "Mozambique",
"currencyCode": "MZN",
"population": "22061451",
"fipsCode": "MZ",
"isoNumeric": "508",
"north": "-10.471883",
"south": "-26.868685",
"east": "40.842995",
"west": "30.217319",
"capital": "Maputo",
"continentName": "Africa",
"languages": "pt-MZ,vmw",
"geonameId": "1036973"
},
{
"countryCode": "NA",
"countryName": "Namibia",
"currencyCode": "NAD",
"population": "2128471",
"fipsCode": "WA",
"isoNumeric": "516",
"north": "-16.959894",
"south": "-28.97143",
"east": "25.256701",
"west": "11.71563",
"capital": "Windhoek",
"continentName": "Africa",
"languages": "en-NA,af,de,hz,naq",
"geonameId": "3355338"
},
{
"countryCode": "NC",
"countryName": "New Caledonia",
"currencyCode": "XPF",
"population": "216494",
"fipsCode": "NC",
"isoNumeric": "540",
"north": "-19.549778",
"south": "-22.698",
"east": "168.129135",
"west": "163.564667",
"capital": "Noumea",
"continentName": "Oceania",
"languages": "fr-NC",
"geonameId": "2139685"
},
{
"countryCode": "NE",
"countryName": "Niger",
"currencyCode": "XOF",
"population": "15878271",
"fipsCode": "NG",
"isoNumeric": "562",
"north": "23.525026",
"south": "11.696975",
"east": "15.995643",
"west": "0.16625",
"capital": "Niamey",
"continentName": "Africa",
"languages": "fr-NE,ha,kr,dje",
"geonameId": "2440476"
},
{
"countryCode": "NF",
"countryName": "Norfolk Island",
"currencyCode": "AUD",
"population": "1828",
"fipsCode": "NF",
"isoNumeric": "574",
"north": "-28.995170686948427",
"south": "-29.063076742954735",
"east": "167.99773740209957",
"west": "167.91543230151365",
"capital": "Kingston",
"continentName": "Oceania",
"languages": "en-NF",
"geonameId": "2155115"
},
{
"countryCode": "NG",
"countryName": "Nigeria",
"currencyCode": "NGN",
"population": "154000000",
"fipsCode": "NI",
"isoNumeric": "566",
"north": "13.892007",
"south": "4.277144",
"east": "14.680073",
"west": "2.668432",
"capital": "Abuja",
"continentName": "Africa",
"languages": "en-NG,ha,yo,ig,ff",
"geonameId": "2328926"
},
{
"countryCode": "NI",
"countryName": "Nicaragua",
"currencyCode": "NIO",
"population": "5995928",
"fipsCode": "NU",
"isoNumeric": "558",
"north": "15.025909",
"south": "10.707543",
"east": "-82.738289",
"west": "-87.690308",
"capital": "Managua",
"continentName": "North America",
"languages": "es-NI,en",
"geonameId": "3617476"
},
{
"countryCode": "NL",
"countryName": "Netherlands",
"currencyCode": "EUR",
"population": "16645000",
"fipsCode": "NL",
"isoNumeric": "528",
"north": "53.512196",
"south": "50.753918",
"east": "7.227944",
"west": "3.362556",
"capital": "Amsterdam",
"continentName": "Europe",
"languages": "nl-NL,fy-NL",
"geonameId": "2750405"
},
{
"countryCode": "NO",
"countryName": "Norway",
"currencyCode": "NOK",
"population": "5009150",
"fipsCode": "NO",
"isoNumeric": "578",
"north": "71.18811",
"south": "57.977917",
"east": "31.078052520751953",
"west": "4.650167",
"capital": "Oslo",
"continentName": "Europe",
"languages": "no,nb,nn,se,fi",
"geonameId": "3144096"
},
{
"countryCode": "NP",
"countryName": "Nepal",
"currencyCode": "NPR",
"population": "28951852",
"fipsCode": "NP",
"isoNumeric": "524",
"north": "30.43339",
"south": "26.356722",
"east": "88.199333",
"west": "80.056274",
"capital": "Kathmandu",
"continentName": "Asia",
"languages": "ne,en",
"geonameId": "1282988"
},
{
"countryCode": "NR",
"countryName": "Nauru",
"currencyCode": "AUD",
"population": "10065",
"fipsCode": "NR",
"isoNumeric": "520",
"north": "-0.504306",
"south": "-0.552333",
"east": "166.945282",
"west": "166.899033",
"capital": "",
"continentName": "Oceania",
"languages": "na,en-NR",
"geonameId": "2110425"
},
{
"countryCode": "NU",
"countryName": "Niue",
"currencyCode": "NZD",
"population": "2166",
"fipsCode": "NE",
"isoNumeric": "570",
"north": "-18.951069",
"south": "-19.152193",
"east": "-169.775177",
"west": "-169.951004",
"capital": "Alofi",
"continentName": "Oceania",
"languages": "niu,en-NU",
"geonameId": "4036232"
},
{
"countryCode": "NZ",
"countryName": "New Zealand",
"currencyCode": "NZD",
"population": "4252277",
"fipsCode": "NZ",
"isoNumeric": "554",
"north": "-34.389668",
"south": "-47.286026",
"east": "-180",
"west": "166.7155",
"capital": "Wellington",
"continentName": "Oceania",
"languages": "en-NZ,mi",
"geonameId": "2186224"
},
{
"countryCode": "OM",
"countryName": "Oman",
"currencyCode": "OMR",
"population": "2967717",
"fipsCode": "MU",
"isoNumeric": "512",
"north": "26.387972",
"south": "16.64575",
"east": "59.836582",
"west": "51.882",
"capital": "Muscat",
"continentName": "Asia",
"languages": "ar-OM,en,bal,ur",
"geonameId": "286963"
},
{
"countryCode": "PA",
"countryName": "Panama",
"currencyCode": "PAB",
"population": "3410676",
"fipsCode": "PM",
"isoNumeric": "591",
"north": "9.637514",
"south": "7.197906",
"east": "-77.17411",
"west": "-83.051445",
"capital": "Panama City",
"continentName": "North America",
"languages": "es-PA,en",
"geonameId": "3703430"
},
{
"countryCode": "PE",
"countryName": "Peru",
"currencyCode": "PEN",
"population": "29907003",
"fipsCode": "PE",
"isoNumeric": "604",
"north": "-0.012977",
"south": "-18.349728",
"east": "-68.677986",
"west": "-81.326744",
"capital": "Lima",
"continentName": "South America",
"languages": "es-PE,qu,ay",
"geonameId": "3932488"
},
{
"countryCode": "PF",
"countryName": "French Polynesia",
"currencyCode": "XPF",
"population": "270485",
"fipsCode": "FP",
"isoNumeric": "258",
"north": "-7.903573",
"south": "-27.653572",
"east": "-134.929825",
"west": "-152.877167",
"capital": "Papeete",
"continentName": "Oceania",
"languages": "fr-PF,ty",
"geonameId": "4030656"
},
{
"countryCode": "PG",
"countryName": "Papua New Guinea",
"currencyCode": "PGK",
"population": "6064515",
"fipsCode": "PP",
"isoNumeric": "598",
"north": "-1.318639",
"south": "-11.657861",
"east": "155.96344",
"west": "140.842865",
"capital": "Port Moresby",
"continentName": "Oceania",
"languages": "en-PG,ho,meu,tpi",
"geonameId": "2088628"
},
{
"countryCode": "PH",
"countryName": "Philippines",
"currencyCode": "PHP",
"population": "99900177",
"fipsCode": "RP",
"isoNumeric": "608",
"north": "21.120611",
"south": "4.643306",
"east": "126.601524",
"west": "116.931557",
"capital": "Manila",
"continentName": "Asia",
"languages": "tl,en-PH,fil",
"geonameId": "1694008"
},
{
"countryCode": "PK",
"countryName": "Pakistan",
"currencyCode": "PKR",
"population": "184404791",
"fipsCode": "PK",
"isoNumeric": "586",
"north": "37.097",
"south": "23.786722",
"east": "77.840919",
"west": "60.878613",
"capital": "Islamabad",
"continentName": "Asia",
"languages": "ur-PK,en-PK,pa,sd,ps,brh",
"geonameId": "1168579"
},
{
"countryCode": "PL",
"countryName": "Poland",
"currencyCode": "PLN",
"population": "38500000",
"fipsCode": "PL",
"isoNumeric": "616",
"north": "54.839138",
"south": "49.006363",
"east": "24.150749",
"west": "14.123",
"capital": "Warsaw",
"continentName": "Europe",
"languages": "pl",
"geonameId": "798544"
},
{
"countryCode": "PM",
"countryName": "Saint Pierre and Miquelon",
"currencyCode": "EUR",
"population": "7012",
"fipsCode": "SB",
"isoNumeric": "666",
"north": "47.146286",
"south": "46.786041",
"east": "-56.252991",
"west": "-56.420658",
"capital": "Saint-Pierre",
"continentName": "North America",
"languages": "fr-PM",
"geonameId": "3424932"
},
{
"countryCode": "PN",
"countryName": "Pitcairn Islands",
"currencyCode": "NZD",
"population": "46",
"fipsCode": "PC",
"isoNumeric": "612",
"north": "-24.315865",
"south": "-24.672565",
"east": "-124.77285",
"west": "-128.346436",
"capital": "Adamstown",
"continentName": "Oceania",
"languages": "en-PN",
"geonameId": "4030699"
},
{
"countryCode": "PR",
"countryName": "Puerto Rico",
"currencyCode": "USD",
"population": "3916632",
"fipsCode": "RQ",
"isoNumeric": "630",
"north": "18.520166",
"south": "17.926405",
"east": "-65.242737",
"west": "-67.942726",
"capital": "San Juan",
"continentName": "North America",
"languages": "en-PR,es-PR",
"geonameId": "4566966"
},
{
"countryCode": "PS",
"countryName": "Palestine",
"currencyCode": "ILS",
"population": "3800000",
"fipsCode": "WE",
"isoNumeric": "275",
"north": "32.54638671875",
"south": "31.216541290283203",
"east": "35.5732955932617",
"west": "34.21665954589844",
"capital": "",
"continentName": "Asia",
"languages": "ar-PS",
"geonameId": "6254930"
},
{
"countryCode": "PT",
"countryName": "Portugal",
"currencyCode": "EUR",
"population": "10676000",
"fipsCode": "PO",
"isoNumeric": "620",
"north": "42.154311127408",
"south": "36.96125",
"east": "-6.18915930748288",
"west": "-9.50052660716588",
"capital": "Lisbon",
"continentName": "Europe",
"languages": "pt-PT,mwl",
"geonameId": "2264397"
},
{
"countryCode": "PW",
"countryName": "Palau",
"currencyCode": "USD",
"population": "19907",
"fipsCode": "PS",
"isoNumeric": "585",
"north": "8.46966",
"south": "2.8036",
"east": "134.72307",
"west": "131.11788",
"capital": "Melekeok - Palau State Capital",
"continentName": "Oceania",
"languages": "pau,sov,en-PW,tox,ja,fil,zh",
"geonameId": "1559582"
},
{
"countryCode": "PY",
"countryName": "Paraguay",
"currencyCode": "PYG",
"population": "6375830",
"fipsCode": "PA",
"isoNumeric": "600",
"north": "-19.294041",
"south": "-27.608738",
"east": "-54.259354",
"west": "-62.647076",
"capital": "Asunción",
"continentName": "South America",
"languages": "es-PY,gn",
"geonameId": "3437598"
},
{
"countryCode": "QA",
"countryName": "Qatar",
"currencyCode": "QAR",
"population": "840926",
"fipsCode": "QA",
"isoNumeric": "634",
"north": "26.154722",
"south": "24.482944",
"east": "51.636639",
"west": "50.757221",
"capital": "Doha",
"continentName": "Asia",
"languages": "ar-QA,es",
"geonameId": "289688"
},
{
"countryCode": "RE",
"countryName": "Réunion",
"currencyCode": "EUR",
"population": "776948",
"fipsCode": "RE",
"isoNumeric": "638",
"north": "-20.868391324576944",
"south": "-21.383747301469107",
"east": "55.838193901930026",
"west": "55.21219224792685",
"capital": "Saint-Denis",
"continentName": "Africa",
"languages": "fr-RE",
"geonameId": "935317"
},
{
"countryCode": "RO",
"countryName": "Romania",
"currencyCode": "RON",
"population": "21959278",
"fipsCode": "RO",
"isoNumeric": "642",
"north": "48.266945",
"south": "43.627304",
"east": "29.691055",
"west": "20.269972",
"capital": "Bucharest",
"continentName": "Europe",
"languages": "ro,hu,rom",
"geonameId": "798549"
},
{
"countryCode": "RS",
"countryName": "Serbia",
"currencyCode": "RSD",
"population": "7344847",
"fipsCode": "RI",
"isoNumeric": "688",
"north": "46.18138885498047",
"south": "42.232215881347656",
"east": "23.00499725341797",
"west": "18.817020416259766",
"capital": "Belgrade",
"continentName": "Europe",
"languages": "sr,hu,bs,rom",
"geonameId": "6290252"
},
{
"countryCode": "RU",
"countryName": "Russia",
"currencyCode": "RUB",
"population": "140702000",
"fipsCode": "RS",
"isoNumeric": "643",
"north": "81.857361",
"south": "41.188862",
"east": "-169.05",
"west": "19.25",
"capital": "Moscow",
"continentName": "Europe",
"languages": "ru,tt,xal,cau,ady,kv,ce,tyv,cv,udm,tut,mns,bua,myv,mdf,chm,ba,inh,tut,kbd,krc,ava,sah,nog",
"geonameId": "2017370"
},
{
"countryCode": "RW",
"countryName": "Rwanda",
"currencyCode": "RWF",
"population": "11055976",
"fipsCode": "RW",
"isoNumeric": "646",
"north": "-1.053481",
"south": "-2.840679",
"east": "30.895958",
"west": "28.856794",
"capital": "Kigali",
"continentName": "Africa",
"languages": "rw,en-RW,fr-RW,sw",
"geonameId": "49518"
},
{
"countryCode": "SA",
"countryName": "Saudi Arabia",
"currencyCode": "SAR",
"population": "25731776",
"fipsCode": "SA",
"isoNumeric": "682",
"north": "32.158333",
"south": "15.61425",
"east": "55.666584",
"west": "34.495693",
"capital": "Riyadh",
"continentName": "Asia",
"languages": "ar-SA",
"geonameId": "102358"
},
{
"countryCode": "SB",
"countryName": "Solomon Islands",
"currencyCode": "SBD",
"population": "559198",
"fipsCode": "BP",
"isoNumeric": "090",
"north": "-6.589611",
"south": "-11.850555",
"east": "166.980865",
"west": "155.508606",
"capital": "Honiara",
"continentName": "Oceania",
"languages": "en-SB,tpi",
"geonameId": "2103350"
},
{
"countryCode": "SC",
"countryName": "Seychelles",
"currencyCode": "SCR",
"population": "88340",
"fipsCode": "SE",
"isoNumeric": "690",
"north": "-4.283717",
"south": "-9.753867",
"east": "56.29770287937299",
"west": "46.204769",
"capital": "Victoria",
"continentName": "Africa",
"languages": "en-SC,fr-SC",
"geonameId": "241170"
},
{
"countryCode": "SD",
"countryName": "Sudan",
"currencyCode": "SDG",
"population": "35000000",
"fipsCode": "SU",
"isoNumeric": "729",
"north": "22.232219696044922",
"south": "8.684720993041992",
"east": "38.60749816894531",
"west": "21.827774047851562",
"capital": "Khartoum",
"continentName": "Africa",
"languages": "ar-SD,en,fia",
"geonameId": "366755"
},
{
"countryCode": "SE",
"countryName": "Sweden",
"currencyCode": "SEK",
"population": "9555893",
"fipsCode": "SW",
"isoNumeric": "752",
"north": "69.0625",
"south": "55.337112",
"east": "24.1562924839185",
"west": "11.118694",
"capital": "Stockholm",
"continentName": "Europe",
"languages": "sv-SE,se,sma,fi-SE",
"geonameId": "2661886"
},
{
"countryCode": "SG",
"countryName": "Singapore",
"currencyCode": "SGD",
"population": "4701069",
"fipsCode": "SN",
"isoNumeric": "702",
"north": "1.471278",
"south": "1.258556",
"east": "104.007469",
"west": "103.638275",
"capital": "Singapore",
"continentName": "Asia",
"languages": "cmn,en-SG,ms-SG,ta-SG,zh-SG",
"geonameId": "1880251"
},
{
"countryCode": "SH",
"countryName": "Saint Helena",
"currencyCode": "SHP",
"population": "7460",
"fipsCode": "SH",
"isoNumeric": "654",
"north": "-7.887815",
"south": "-16.019543",
"east": "-5.638753",
"west": "-14.42123",
"capital": "Jamestown",
"continentName": "Africa",
"languages": "en-SH",
"geonameId": "3370751"
},
{
"countryCode": "SI",
"countryName": "Slovenia",
"currencyCode": "EUR",
"population": "2007000",
"fipsCode": "SI",
"isoNumeric": "705",
"north": "46.8766275518195",
"south": "45.421812998164",
"east": "16.6106311807",
"west": "13.3753342064709",
"capital": "Ljubljana",
"continentName": "Europe",
"languages": "sl,sh",
"geonameId": "3190538"
},
{
"countryCode": "SJ",
"countryName": "Svalbard and Jan Mayen",
"currencyCode": "NOK",
"population": "2550",
"fipsCode": "SV",
"isoNumeric": "744",
"north": "80.762085",
"south": "79.220306",
"east": "33.287334",
"west": "17.699389",
"capital": "Longyearbyen",
"continentName": "Europe",
"languages": "no,ru",
"geonameId": "607072"
},
{
"countryCode": "SK",
"countryName": "Slovakia",
"currencyCode": "EUR",
"population": "5455000",
"fipsCode": "LO",
"isoNumeric": "703",
"north": "49.603168",
"south": "47.728111",
"east": "22.570444",
"west": "16.84775",
"capital": "Bratislava",
"continentName": "Europe",
"languages": "sk,hu",
"geonameId": "3057568"
},
{
"countryCode": "SL",
"countryName": "Sierra Leone",
"currencyCode": "SLL",
"population": "5245695",
"fipsCode": "SL",
"isoNumeric": "694",
"north": "10",
"south": "6.929611",
"east": "-10.284238",
"west": "-13.307631",
"capital": "Freetown",
"continentName": "Africa",
"languages": "en-SL,men,tem",
"geonameId": "2403846"
},
{
"countryCode": "SM",
"countryName": "San Marino",
"currencyCode": "EUR",
"population": "31477",
"fipsCode": "SM",
"isoNumeric": "674",
"north": "43.99223730851663",
"south": "43.8937092171425",
"east": "12.51653186779788",
"west": "12.403538978820734",
"capital": "San Marino",
"continentName": "Europe",
"languages": "it-SM",
"geonameId": "3168068"
},
{
"countryCode": "SN",
"countryName": "Senegal",
"currencyCode": "XOF",
"population": "12323252",
"fipsCode": "SG",
"isoNumeric": "686",
"north": "16.691633",
"south": "12.307275",
"east": "-11.355887",
"west": "-17.535236",
"capital": "Dakar",
"continentName": "Africa",
"languages": "fr-SN,wo,fuc,mnk",
"geonameId": "2245662"
},
{
"countryCode": "SO",
"countryName": "Somalia",
"currencyCode": "SOS",
"population": "10112453",
"fipsCode": "SO",
"isoNumeric": "706",
"north": "11.979166",
"south": "-1.674868",
"east": "51.412636",
"west": "40.986595",
"capital": "Mogadishu",
"continentName": "Africa",
"languages": "so-SO,ar-SO,it,en-SO",
"geonameId": "51537"
},
{
"countryCode": "SR",
"countryName": "Suriname",
"currencyCode": "SRD",
"population": "492829",
"fipsCode": "NS",
"isoNumeric": "740",
"north": "6.004546",
"south": "1.831145",
"east": "-53.977493",
"west": "-58.086563",
"capital": "Paramaribo",
"continentName": "South America",
"languages": "nl-SR,en,srn,hns,jv",
"geonameId": "3382998"
},
{
"countryCode": "SS",
"countryName": "South Sudan",
"currencyCode": "SSP",
"population": "8260490",
"fipsCode": "OD",
"isoNumeric": "728",
"north": "12.219148635864258",
"south": "3.493394374847412",
"east": "35.9405517578125",
"west": "24.140274047851562",
"capital": "Juba",
"continentName": "Africa",
"languages": "en",
"geonameId": "7909807"
},
{
"countryCode": "ST",
"countryName": "São Tomé and Príncipe",
"currencyCode": "STD",
"population": "175808",
"fipsCode": "TP",
"isoNumeric": "678",
"north": "1.701323",
"south": "0.024766",
"east": "7.466374",
"west": "6.47017",
"capital": "São Tomé",
"continentName": "Africa",
"languages": "pt-ST",
"geonameId": "2410758"
},
{
"countryCode": "SV",
"countryName": "El Salvador",
"currencyCode": "USD",
"population": "6052064",
"fipsCode": "ES",
"isoNumeric": "222",
"north": "14.445067",
"south": "13.148679",
"east": "-87.692162",
"west": "-90.128662",
"capital": "San Salvador",
"continentName": "North America",
"languages": "es-SV",
"geonameId": "3585968"
},
{
"countryCode": "SX",
"countryName": "Sint Maarten",
"currencyCode": "ANG",
"population": "37429",
"fipsCode": "NN",
"isoNumeric": "534",
"north": "18.070248",
"south": "18.011692",
"east": "-63.012993",
"west": "-63.144039",
"capital": "Philipsburg",
"continentName": "North America",
"languages": "nl,en",
"geonameId": "7609695"
},
{
"countryCode": "SY",
"countryName": "Syria",
"currencyCode": "SYP",
"population": "22198110",
"fipsCode": "SY",
"isoNumeric": "760",
"north": "37.319138",
"south": "32.310665",
"east": "42.385029",
"west": "35.727222",
"capital": "Damascus",
"continentName": "Asia",
"languages": "ar-SY,ku,hy,arc,fr,en",
"geonameId": "163843"
},
{
"countryCode": "SZ",
"countryName": "Swaziland",
"currencyCode": "SZL",
"population": "1354051",
"fipsCode": "WZ",
"isoNumeric": "748",
"north": "-25.719648",
"south": "-27.317101",
"east": "32.13726",
"west": "30.794107",
"capital": "Mbabane",
"continentName": "Africa",
"languages": "en-SZ,ss-SZ",
"geonameId": "934841"
},
{
"countryCode": "TC",
"countryName": "Turks and Caicos Islands",
"currencyCode": "USD",
"population": "20556",
"fipsCode": "TK",
"isoNumeric": "796",
"north": "21.961878",
"south": "21.422626",
"east": "-71.123642",
"west": "-72.483871",
"capital": "Cockburn Town",
"continentName": "North America",
"languages": "en-TC",
"geonameId": "3576916"
},
{
"countryCode": "TD",
"countryName": "Chad",
"currencyCode": "XAF",
"population": "10543464",
"fipsCode": "CD",
"isoNumeric": "148",
"north": "23.450369",
"south": "7.441068",
"east": "24.002661",
"west": "13.473475",
"capital": "N'Djamena",
"continentName": "Africa",
"languages": "fr-TD,ar-TD,sre",
"geonameId": "2434508"
},
{
"countryCode": "TF",
"countryName": "French Southern Territories",
"currencyCode": "EUR",
"population": "140",
"fipsCode": "FS",
"isoNumeric": "260",
"north": "-37.790722",
"south": "-49.735184",
"east": "77.598808",
"west": "50.170258",
"capital": "Port-aux-Français",
"continentName": "Antarctica",
"languages": "fr",
"geonameId": "1546748"
},
{
"countryCode": "TG",
"countryName": "Togo",
"currencyCode": "XOF",
"population": "6587239",
"fipsCode": "TO",
"isoNumeric": "768",
"north": "11.138977",
"south": "6.104417",
"east": "1.806693",
"west": "-0.147324",
"capital": "Lomé",
"continentName": "Africa",
"languages": "fr-TG,ee,hna,kbp,dag,ha",
"geonameId": "2363686"
},
{
"countryCode": "TH",
"countryName": "Thailand",
"currencyCode": "THB",
"population": "67089500",
"fipsCode": "TH",
"isoNumeric": "764",
"north": "20.463194",
"south": "5.61",
"east": "105.639389",
"west": "97.345642",
"capital": "Bangkok",
"continentName": "Asia",
"languages": "th,en",
"geonameId": "1605651"
},
{
"countryCode": "TJ",
"countryName": "Tajikistan",
"currencyCode": "TJS",
"population": "7487489",
"fipsCode": "TI",
"isoNumeric": "762",
"north": "41.042252",
"south": "36.674137",
"east": "75.137222",
"west": "67.387138",
"capital": "Dushanbe",
"continentName": "Asia",
"languages": "tg,ru",
"geonameId": "1220409"
},
{
"countryCode": "TK",
"countryName": "Tokelau",
"currencyCode": "NZD",
"population": "1466",
"fipsCode": "TL",
"isoNumeric": "772",
"north": "-8.553613662719727",
"south": "-9.381111145019531",
"east": "-171.21142578125",
"west": "-172.50033569335938",
"capital": "",
"continentName": "Oceania",
"languages": "tkl,en-TK",
"geonameId": "4031074"
},
{
"countryCode": "TL",
"countryName": "East Timor",
"currencyCode": "USD",
"population": "1154625",
"fipsCode": "TT",
"isoNumeric": "626",
"north": "-8.135833740234375",
"south": "-9.463626861572266",
"east": "127.30859375",
"west": "124.04609680175781",
"capital": "Dili",
"continentName": "Oceania",
"languages": "tet,pt-TL,id,en",
"geonameId": "1966436"
},
{
"countryCode": "TM",
"countryName": "Turkmenistan",
"currencyCode": "TMT",
"population": "4940916",
"fipsCode": "TX",
"isoNumeric": "795",
"north": "42.795555",
"south": "35.141083",
"east": "66.684303",
"west": "52.441444",
"capital": "Ashgabat",
"continentName": "Asia",
"languages": "tk,ru,uz",
"geonameId": "1218197"
},
{
"countryCode": "TN",
"countryName": "Tunisia",
"currencyCode": "TND",
"population": "10589025",
"fipsCode": "TS",
"isoNumeric": "788",
"north": "37.543915",
"south": "30.240417",
"east": "11.598278",
"west": "7.524833",
"capital": "Tunis",
"continentName": "Africa",
"languages": "ar-TN,fr",
"geonameId": "2464461"
},
{
"countryCode": "TO",
"countryName": "Tonga",
"currencyCode": "TOP",
"population": "122580",
"fipsCode": "TN",
"isoNumeric": "776",
"north": "-15.562988",
"south": "-21.455057",
"east": "-173.907578",
"west": "-175.682266",
"capital": "Nuku'alofa",
"continentName": "Oceania",
"languages": "to,en-TO",
"geonameId": "4032283"
},
{
"countryCode": "TR",
"countryName": "Turkey",
"currencyCode": "TRY",
"population": "77804122",
"fipsCode": "TU",
"isoNumeric": "792",
"north": "42.107613",
"south": "35.815418",
"east": "44.834999",
"west": "25.668501",
"capital": "Ankara",
"continentName": "Asia",
"languages": "tr-TR,ku,diq,az,av",
"geonameId": "298795"
},
{
"countryCode": "TT",
"countryName": "Trinidad and Tobago",
"currencyCode": "TTD",
"population": "1228691",
"fipsCode": "TD",
"isoNumeric": "780",
"north": "11.338342",
"south": "10.036105",
"east": "-60.517933",
"west": "-61.923771",
"capital": "Port of Spain",
"continentName": "North America",
"languages": "en-TT,hns,fr,es,zh",
"geonameId": "3573591"
},
{
"countryCode": "TV",
"countryName": "Tuvalu",
"currencyCode": "AUD",
"population": "10472",
"fipsCode": "TV",
"isoNumeric": "798",
"north": "-5.641972",
"south": "-10.801169",
"east": "179.863281",
"west": "176.064865",
"capital": "Funafuti",
"continentName": "Oceania",
"languages": "tvl,en,sm,gil",
"geonameId": "2110297"
},
{
"countryCode": "TW",
"countryName": "Taiwan",
"currencyCode": "TWD",
"population": "22894384",
"fipsCode": "TW",
"isoNumeric": "158",
"north": "25.3002899036181",
"south": "21.896606934717",
"east": "122.006739823315",
"west": "119.534691",
"capital": "Taipei",
"continentName": "Asia",
"languages": "zh-TW,zh,nan,hak",
"geonameId": "1668284"
},
{
"countryCode": "TZ",
"countryName": "Tanzania",
"currencyCode": "TZS",
"population": "41892895",
"fipsCode": "TZ",
"isoNumeric": "834",
"north": "-0.990736",
"south": "-11.745696",
"east": "40.443222",
"west": "29.327168",
"capital": "Dodoma",
"continentName": "Africa",
"languages": "sw-TZ,en,ar",
"geonameId": "149590"
},
{
"countryCode": "UA",
"countryName": "Ukraine",
"currencyCode": "UAH",
"population": "45415596",
"fipsCode": "UP",
"isoNumeric": "804",
"north": "52.369362",
"south": "44.390415",
"east": "40.20739",
"west": "22.128889",
"capital": "Kyiv",
"continentName": "Europe",
"languages": "uk,ru-UA,rom,pl,hu",
"geonameId": "690791"
},
{
"countryCode": "UG",
"countryName": "Uganda",
"currencyCode": "UGX",
"population": "33398682",
"fipsCode": "UG",
"isoNumeric": "800",
"north": "4.214427",
"south": "-1.48405",
"east": "35.036049",
"west": "29.573252",
"capital": "Kampala",
"continentName": "Africa",
"languages": "en-UG,lg,sw,ar",
"geonameId": "226074"
},
{
"countryCode": "UM",
"countryName": "U.S. Minor Outlying Islands",
"currencyCode": "USD",
"population": "0",
"fipsCode": "",
"isoNumeric": "581",
"north": "28.219814",
"south": "-0.389006",
"east": "166.654526",
"west": "-177.392029",
"capital": "",
"continentName": "Oceania",
"languages": "en-UM",
"geonameId": "5854968"
},
{
"countryCode": "US",
"countryName": "United States",
"currencyCode": "USD",
"population": "310232863",
"fipsCode": "US",
"isoNumeric": "840",
"north": "49.388611",
"south": "24.544245",
"east": "-66.954811",
"west": "-124.733253",
"capital": "Washington",
"continentName": "North America",
"languages": "en-US,es-US,haw,fr",
"geonameId": "6252001"
},
{
"countryCode": "UY",
"countryName": "Uruguay",
"currencyCode": "UYU",
"population": "3477000",
"fipsCode": "UY",
"isoNumeric": "858",
"north": "-30.082224",
"south": "-34.980816",
"east": "-53.073933",
"west": "-58.442722",
"capital": "Montevideo",
"continentName": "South America",
"languages": "es-UY",
"geonameId": "3439705"
},
{
"countryCode": "UZ",
"countryName": "Uzbekistan",
"currencyCode": "UZS",
"population": "27865738",
"fipsCode": "UZ",
"isoNumeric": "860",
"north": "45.575001",
"south": "37.184444",
"east": "73.132278",
"west": "55.996639",
"capital": "Tashkent",
"continentName": "Asia",
"languages": "uz,ru,tg",
"geonameId": "1512440"
},
{
"countryCode": "VA",
"countryName": "Vatican City",
"currencyCode": "EUR",
"population": "921",
"fipsCode": "VT",
"isoNumeric": "336",
"north": "41.90743830885576",
"south": "41.90027960306854",
"east": "12.45837546629481",
"west": "12.44570678169205",
"capital": "Vatican",
"continentName": "Europe",
"languages": "la,it,fr",
"geonameId": "3164670"
},
{
"countryCode": "VC",
"countryName": "Saint Vincent and the Grenadines",
"currencyCode": "XCD",
"population": "104217",
"fipsCode": "VC",
"isoNumeric": "670",
"north": "13.377834",
"south": "12.583984810969037",
"east": "-61.11388",
"west": "-61.46090317727658",
"capital": "Kingstown",
"continentName": "North America",
"languages": "en-VC,fr",
"geonameId": "3577815"
},
{
"countryCode": "VE",
"countryName": "Venezuela",
"currencyCode": "VEF",
"population": "27223228",
"fipsCode": "VE",
"isoNumeric": "862",
"north": "12.201903",
"south": "0.626311",
"east": "-59.80378",
"west": "-73.354073",
"capital": "Caracas",
"continentName": "South America",
"languages": "es-VE",
"geonameId": "3625428"
},
{
"countryCode": "VG",
"countryName": "British Virgin Islands",
"currencyCode": "USD",
"population": "21730",
"fipsCode": "VI",
"isoNumeric": "092",
"north": "18.757221",
"south": "18.383710898211305",
"east": "-64.268768",
"west": "-64.71312752730364",
"capital": "Road Town",
"continentName": "North America",
"languages": "en-VG",
"geonameId": "3577718"
},
{
"countryCode": "VI",
"countryName": "U.S. Virgin Islands",
"currencyCode": "USD",
"population": "108708",
"fipsCode": "VQ",
"isoNumeric": "850",
"north": "18.415382",
"south": "17.673931",
"east": "-64.565193",
"west": "-65.101333",
"capital": "Charlotte Amalie",
"continentName": "North America",
"languages": "en-VI",
"geonameId": "4796775"
},
{
"countryCode": "VN",
"countryName": "Vietnam",
"currencyCode": "VND",
"population": "89571130",
"fipsCode": "VM",
"isoNumeric": "704",
"north": "23.388834",
"south": "8.559611",
"east": "109.464638",
"west": "102.148224",
"capital": "Hanoi",
"continentName": "Asia",
"languages": "vi,en,fr,zh,km",
"geonameId": "1562822"
},
{
"countryCode": "VU",
"countryName": "Vanuatu",
"currencyCode": "VUV",
"population": "221552",
"fipsCode": "NH",
"isoNumeric": "548",
"north": "-13.073444",
"south": "-20.248945",
"east": "169.904785",
"west": "166.524979",
"capital": "Port Vila",
"continentName": "Oceania",
"languages": "bi,en-VU,fr-VU",
"geonameId": "2134431"
},
{
"countryCode": "WF",
"countryName": "Wallis and Futuna",
"currencyCode": "XPF",
"population": "16025",
"fipsCode": "WF",
"isoNumeric": "876",
"north": "-13.216758181061444",
"south": "-14.314559989820843",
"east": "-176.16174317718253",
"west": "-178.1848112896414",
"capital": "Mata-Utu",
"continentName": "Oceania",
"languages": "wls,fud,fr-WF",
"geonameId": "4034749"
},
{
"countryCode": "WS",
"countryName": "Samoa",
"currencyCode": "WST",
"population": "192001",
"fipsCode": "WS",
"isoNumeric": "882",
"north": "-13.432207",
"south": "-14.040939",
"east": "-171.415741",
"west": "-172.798599",
"capital": "Apia",
"continentName": "Oceania",
"languages": "sm,en-WS",
"geonameId": "4034894"
},
{
"countryCode": "XK",
"countryName": "Kosovo",
"currencyCode": "EUR",
"population": "1800000",
"fipsCode": "KV",
"isoNumeric": "0",
"north": "43.2682495807952",
"south": "41.856369601859925",
"east": "21.80335088694943",
"west": "19.977481504492914",
"capital": "Pristina",
"continentName": "Europe",
"languages": "sq,sr",
"geonameId": "831053"
},
{
"countryCode": "YE",
"countryName": "Yemen",
"currencyCode": "YER",
"population": "23495361",
"fipsCode": "YM",
"isoNumeric": "887",
"north": "18.9999989031009",
"south": "12.1110910264462",
"east": "54.5305388163283",
"west": "42.5325394314234",
"capital": "Sanaa",
"continentName": "Asia",
"languages": "ar-YE",
"geonameId": "69543"
},
{
"countryCode": "YT",
"countryName": "Mayotte",
"currencyCode": "EUR",
"population": "159042",
"fipsCode": "MF",
"isoNumeric": "175",
"north": "-12.648891",
"south": "-13.000132",
"east": "45.29295",
"west": "45.03796",
"capital": "Mamoutzou",
"continentName": "Africa",
"languages": "fr-YT",
"geonameId": "1024031"
},
{
"countryCode": "ZA",
"countryName": "South Africa",
"currencyCode": "ZAR",
"population": "49000000",
"fipsCode": "SF",
"isoNumeric": "710",
"north": "-22.126612",
"south": "-34.839828",
"east": "32.895973",
"west": "16.458021",
"capital": "Pretoria",
"continentName": "Africa",
"languages": "zu,xh,af,nso,en-ZA,tn,st,ts,ss,ve,nr",
"geonameId": "953987"
},
{
"countryCode": "ZM",
"countryName": "Zambia",
"currencyCode": "ZMW",
"population": "13460305",
"fipsCode": "ZA",
"isoNumeric": "894",
"north": "-8.22436",
"south": "-18.079473",
"east": "33.705704",
"west": "21.999371",
"capital": "Lusaka",
"continentName": "Africa",
"languages": "en-ZM,bem,loz,lun,lue,ny,toi",
"geonameId": "895949"
},
{
"countryCode": "ZW",
"countryName": "Zimbabwe",
"currencyCode": "ZWL",
"population": "11651858",
"fipsCode": "ZI",
"isoNumeric": "716",
"north": "-15.608835",
"south": "-22.417738",
"east": "33.056305",
"west": "25.237028",
"capital": "Harare",
"continentName": "Africa",
"languages": "en-ZW,sn,nr,nd",
"geonameId": "878675"
}
]